seq,match,half,n_frames,label,hota,deta,assa,loca,off_hota,off_deta,off_assa,off_loca,ids,gt_ids
CLPD-117092-1st,117092,1st,750,30s,14.284744998156865,5.087223182615384,40.19133673899236,74.67504243322416,26.297858388059474,21.644362640326165,32.732368534015215,73.01622417186051,33,22
CLPD-117092-1st,117092,1st,1500,1min,10.702963244296967,4.404496329234113,26.1659255583463,72.8191044501691,18.576753753019485,19.22669211638918,18.187434293798184,72.65196582511248,43,22
CLPD-117092-1st,117092,1st,3000,2min,8.180625701676565,3.837840166590402,17.610434894522793,70.20617591961175,13.543243229799915,16.149837263251673,11.564878421877681,71.79448457207425,58,22
CLPD-117092-1st,117092,1st,7500,5min,8.602925087821172,4.09129850533306,18.185043109533687,72.16069566709024,12.53417031155668,15.686357999609701,10.120697622426334,72.09796960400256,70,22
CLPD-117092-1st,117092,1st,15000,10min,6.322566461027939,3.5762409303058496,11.277174515029687,71.72456661420253,9.75108158855043,15.861493654832106,6.069221848201903,72.22733951535743,77,22
CLPD-117092-1st,117092,1st,30000,20min,6.388967093294097,4.645649292421666,8.825259452232862,72.14644964135798,8.53034919807572,16.284274339585302,4.503334353603422,72.63160164976387,90,23
CLPD-117092-1st,117092,1st,67375,full,6.6797666891272325,4.289101511734237,10.497340912803713,71.77228850561653,8.457745652760202,15.892070674725241,4.546677889047404,72.44966115247561,127,23
CLPD-117092-2nd,117092,2nd,750,30s,9.900404490492779,1.6491739084423227,59.76009574032486,82.53228385174945,31.884691513764757,25.540645880476887,40.285370131536894,73.61281139329337,29,22
CLPD-117092-2nd,117092,2nd,1500,1min,7.082056583054805,1.8084860441739266,27.84510378744869,76.73452084305734,19.712199878118746,19.599508446731285,19.96889982936251,72.87413230279566,48,22
CLPD-117092-2nd,117092,2nd,3000,2min,5.475465332813633,1.3774007496704859,21.83519990949116,74.29104612636411,13.215471262590315,16.203202982857025,10.847856637370707,71.97453289695659,68,22
CLPD-117092-2nd,117092,2nd,7500,5min,5.773168497441854,1.3012413096973598,25.64732787535698,74.40884058323326,10.59989829673387,16.085217171807763,7.047964017519663,72.06475369007799,81,22
CLPD-117092-2nd,117092,2nd,15000,10min,3.916040730222391,0.8453193552252606,18.16315754667208,73.3777556102165,8.670712447599001,15.643684103758554,4.832428665507219,72.14400044743223,89,22
CLPD-117092-2nd,117092,2nd,30000,20min,4.143508094589829,0.9491934105304398,18.11053861728597,72.55150696875226,7.954709771256869,16.1149206865093,3.9460306048427074,72.46146455037777,108,28
CLPD-117092-2nd,117092,2nd,67549,full,3.5950487722071975,1.1511715786629217,11.254522317706543,72.05564034834815,7.440350701511761,17.009412464016535,3.2738402608269332,72.62640543490548,137,33
CLPD-117093-1st,117093,1st,750,30s,29.145905912908894,12.202966457306532,69.74976004705965,84.75486211280709,64.50117975725273,59.98066995611793,70.01564966764826,85.98040476321002,29,22
CLPD-117093-1st,117093,1st,1500,1min,21.01798687698675,10.291055558033042,42.996762228541066,81.66158527385386,39.6184197802596,42.79884864405707,37.11508082196675,82.11461496481263,50,22
CLPD-117093-1st,117093,1st,3000,2min,17.240279464738673,10.536013542697482,28.257030285302946,82.55070706356696,32.073070250051586,43.14531583125045,24.191151052492632,81.70648532199539,56,22
CLPD-117093-1st,117093,1st,7500,5min,17.4426152420401,10.225035827577628,29.771991039861827,82.96127321411679,32.23499702532139,47.75299257731477,21.972507616726098,82.39005725688556,67,22
CLPD-117093-1st,117093,1st,15000,10min,16.874717010823822,10.56236338689919,27.01235519051961,83.11444877200223,29.459232403326247,45.496505830358366,19.49391497766437,82.01287882743455,78,22
CLPD-117093-1st,117093,1st,30000,20min,17.00921341402427,10.895106880433927,26.615604722980034,83.16270916343473,25.930362392396837,44.604640406560875,15.368035866516887,82.12621170234273,92,22
CLPD-117093-1st,117093,1st,67625,full,14.283967022336128,10.039621590752649,20.36587023306807,83.02444808709026,22.136706683046576,45.978383676821785,10.841451032207884,82.27968656352799,146,23
CLPD-117093-2nd,117093,2nd,750,30s,25.452652262348714,9.301670258876289,69.74413924568569,84.5387465395222,49.158096486964986,41.68940231541012,58.542885103496154,82.76152593153037,36,22
CLPD-117093-2nd,117093,2nd,1500,1min,25.326241171041914,8.77614175530059,73.1579017184388,86.90899166707196,52.22382614886002,48.05327988243288,57.1323754551409,83.79222367603936,43,22
CLPD-117093-2nd,117093,2nd,3000,2min,23.466513675911667,8.463894465023596,65.09398918570713,86.49180438385609,48.282708904957,49.526419273461094,47.47484152026173,83.29423719648858,57,22
CLPD-117093-2nd,117093,2nd,7500,5min,26.117467716607194,11.458186591359192,59.59905764394564,86.49579823097015,42.51005077318173,48.83509564606926,37.640727256879266,83.45568179570566,80,22
CLPD-117093-2nd,117093,2nd,15000,10min,20.704990728588832,11.084544590389713,38.73003971386475,85.9822929770155,35.44679245387187,49.82143896661126,25.66523995068315,83.54992444175755,103,22
CLPD-117093-2nd,117093,2nd,30000,20min,16.994373759784636,10.412001065010584,27.792824111073294,84.30766813572082,28.048255497349633,47.24436216836811,16.968421618282807,82.82982139329059,152,24
CLPD-117093-2nd,117093,2nd,70475,full,12.127527840946605,8.01196113875887,18.382967054753575,82.99838953070751,22.07625926205372,47.088105291848706,10.486849681176905,82.83556619964824,224,27
CLPD-118575-1st,118575,1st,750,30s,32.1939642219274,14.771757746468259,70.48333391750664,83.97122103716185,61.76806661043855,57.73104806819329,66.54080712705567,85.65883409829551,28,22
CLPD-118575-1st,118575,1st,1500,1min,29.105343368512752,13.269228536583125,64.48977866046759,83.56467078734639,53.21038759389268,48.00666581975156,59.67614769498499,83.66640428787272,41,22
CLPD-118575-1st,118575,1st,3000,2min,29.81865176190141,14.299877646415174,62.5921514710528,84.66360657071394,53.68163358764054,52.10578417433685,55.80275769936331,84.80035429623595,48,22
CLPD-118575-1st,118575,1st,7500,5min,21.38651952489478,11.957701693354593,38.393940944952625,83.38588796337612,39.8097512069281,44.48888490604457,36.197443613752114,82.64846260639185,81,22
CLPD-118575-1st,118575,1st,15000,10min,17.308512566585023,10.33339473811044,29.151242115065106,82.0010094162918,32.26998323159195,44.829641350951746,23.667102007320985,82.58354202267894,112,22
CLPD-118575-1st,118575,1st,30000,20min,17.158083840226805,10.354414072186085,28.58221211802703,82.4787935647254,28.90053556975099,43.386441718886964,19.654492997183137,82.36199335012094,148,22
CLPD-118575-1st,118575,1st,71850,full,16.590527303501844,10.782584624624866,25.732187708926986,82.73455401831264,26.093043546221367,44.89978430047774,15.475776370324153,82.8235303474481,335,22
CLPD-118575-2nd,118575,2nd,750,30s,25.359884021463845,9.120335922218556,70.64604990366917,83.65309276225967,63.89066630548065,55.18191326403817,74.70627346674704,85.32567513876413,36,22
CLPD-118575-2nd,118575,2nd,1500,1min,26.86121972939247,9.641068215902722,74.89389695989334,86.30718917741672,62.839115885523114,60.64195181069948,65.6897332878548,86.89300254601365,45,22
CLPD-118575-2nd,118575,2nd,3000,2min,23.328321229487255,8.303927593485401,65.59789430120266,84.01609342756848,57.620503650509534,54.84008773602827,61.30730985947282,85.71571570336009,61,22
CLPD-118575-2nd,118575,2nd,7500,5min,17.966768132927232,7.469106818012665,43.23403441068443,85.60979517022984,39.406496104804695,51.23286176482507,30.717013864202535,84.56060209564518,104,22
CLPD-118575-2nd,118575,2nd,15000,10min,16.951872044598364,7.331586164570905,39.20212812954046,85.24905495270578,38.58665408839776,51.49622033555025,29.268327957259622,84.74563433532643,162,22
CLPD-118575-2nd,118575,2nd,30000,20min,13.623066886172278,6.0202547170861065,30.85761998056632,85.36972251886745,29.58399269944328,47.866632387872684,18.57675898676495,83.56295038975068,268,25
CLPD-118575-2nd,118575,2nd,73425,full,12.208946614072804,6.83031517529343,21.835316830167685,85.70827695385044,23.710707544289882,46.01499184966832,12.398603207674652,83.20205750175894,422,29
CLPD-118576-1st,118576,1st,750,30s,34.05153565999958,14.705402553738466,78.91980903348481,88.64920446126354,48.798106500701905,42.75916454793398,56.494959376233176,82.22209441830647,31,22
CLPD-118576-1st,118576,1st,1500,1min,31.149674787570227,13.755366105085876,70.57841438442067,86.44174068098204,46.499266528215,42.83907120807541,51.02640804108006,81.62963745700155,39,22
CLPD-118576-1st,118576,1st,3000,2min,28.143316150810875,12.513491309419603,63.31415732115322,87.90541649798259,45.59639502656287,48.78643996355772,43.0515153642457,83.79392093087635,49,22
CLPD-118576-1st,118576,1st,7500,5min,22.10164316543479,9.314979527154259,52.449593404234754,87.6623087490208,37.88574267493907,46.45279886864221,31.246802547860852,83.50411471838771,68,22
CLPD-118576-1st,118576,1st,15000,10min,16.61196020163293,8.153691879580032,33.96474486627253,86.01588403146259,31.486328104635252,44.23145244103798,22.82749269140515,82.88209514520389,85,22
CLPD-118576-1st,118576,1st,30000,20min,13.563232173781186,7.736565144111419,23.845970142873938,86.28151122745848,27.534558801356184,44.75228654721884,17.20123615471075,82.85532868779406,91,22
CLPD-118576-1st,118576,1st,72825,full,12.358230061501093,7.110420624470895,21.582906901929217,86.41749699214654,24.559800907629317,46.259923298537366,13.240507518000577,83.0115826459747,141,23
CLPD-118576-2nd,118576,2nd,750,30s,14.240329881359267,2.781447452221721,74.99808404529337,81.18694881980801,58.323153889344056,49.216580301132836,69.96154701268952,83.65810750313285,27,22
CLPD-118576-2nd,118576,2nd,1500,1min,12.071881399664015,3.4325256850295034,42.78790308434884,82.73652919919881,51.66098913319892,50.73784851230329,53.0301972744287,83.51072226654942,34,22
CLPD-118576-2nd,118576,2nd,3000,2min,11.417171035056658,3.8447968571040088,34.07174464935518,80.44471838475185,38.492475533890065,42.120548188545115,35.65088791093938,80.78728324990851,49,22
CLPD-118576-2nd,118576,2nd,7500,5min,13.41676703200645,5.946012932287012,30.498717356353506,82.06561571659708,31.04523283732735,41.877919400489475,23.502338847194316,80.83024209602122,74,22
CLPD-118576-2nd,118576,2nd,15000,10min,11.47484747572282,6.3361257226735495,20.914363099167048,82.49507842505463,26.369464283574555,43.472805877229554,16.426042875150003,81.01060617100595,83,22
CLPD-118576-2nd,118576,2nd,30000,20min,10.249055860728037,6.6149371741623035,15.952043618409807,82.00852358022799,20.303442347132847,41.622659601601875,10.198374834244337,80.6271480543961,98,24
CLPD-118576-2nd,118576,2nd,72775,full,11.029377178382244,8.391753347815103,14.550716718011492,82.55139224292006,20.046687872114248,42.50021615355764,9.714301314593271,80.80279861804999,142,28
CLPD-118577-1st,118577,1st,750,30s,42.257103663578235,20.6322866839277,86.58875453702397,91.25272171099287,71.78729649726914,66.27628036966244,78.14263147367416,88.34096012769655,31,22
CLPD-118577-1st,118577,1st,1500,1min,42.83895341092179,20.933934815672043,87.72908839269503,91.56216095033285,71.66203218021954,69.20071241828947,74.47446709853136,88.43001451637603,36,22
CLPD-118577-1st,118577,1st,3000,2min,40.736523406419124,21.236982716826553,78.18280425526379,90.76991073958884,60.849366415962,60.90902204046014,61.162742556907034,87.28883597167713,47,22
CLPD-118577-1st,118577,1st,7500,5min,30.625772078463818,19.797999578396485,47.39818472588896,89.69131497621512,45.299365136031575,59.41317576740065,34.83148059105194,86.82180591649042,65,22
CLPD-118577-1st,118577,1st,15000,10min,25.23336329957577,17.713054467894306,35.96223273941932,87.97701773375883,37.15756332463174,55.77935298291037,25.047399570452093,85.3286420363955,83,22
CLPD-118577-1st,118577,1st,30000,20min,21.824792125265418,16.97233565749391,28.064920985516135,87.01168814152585,32.666786281979654,53.06354007651648,20.343794560590617,84.62233229915226,109,24
CLPD-118577-1st,118577,1st,72425,full,18.233982957966553,15.684957525698017,21.198462950537085,86.66912415923426,25.102372303396546,49.6942822341605,12.774001441426874,84.00736063134944,168,24
CLPD-118577-2nd,118577,2nd,750,30s,29.335032867330597,10.602934956012247,81.20219655029612,88.40680036831007,62.34702874525097,56.64210443324453,69.12372709030299,85.95066097180327,34,22
CLPD-118577-2nd,118577,2nd,1500,1min,30.765070046873234,12.158557843704857,77.85224094583442,90.65587839736399,65.42765369851655,62.00850115295719,69.39637861951269,87.43588691800177,48,22
CLPD-118577-2nd,118577,2nd,3000,2min,30.724246735674026,13.226243004323097,71.38516494732686,90.49413060239428,53.9382776130618,53.308580512644674,55.07091391055905,86.33357362966623,72,22
CLPD-118577-2nd,118577,2nd,7500,5min,23.19128938563531,11.659640658626753,46.16337710068107,88.68251244782623,39.05373373167717,49.18023870697466,31.433801190425015,84.69266179463547,115,22
CLPD-118577-2nd,118577,2nd,15000,10min,18.630928521087252,11.425558343475405,30.399543043860618,87.22485394578668,31.63938534930858,44.789602494912664,22.674908130921605,83.72048973935095,144,22
CLPD-118577-2nd,118577,2nd,30000,20min,21.352637125488627,14.917066044190266,30.589788065741107,87.14896711287213,32.203887789385185,45.905119891667105,22.94130208008242,83.80763644797901,205,24
CLPD-118577-2nd,118577,2nd,72475,full,16.542166790405314,12.259534268447537,22.33629102430538,87.0023079379437,24.68239726021313,46.048909182097994,13.3883316280526,83.64425855527928,351,30
CLPD-118578-1st,118578,1st,750,30s,11.895704806462259,3.056902733112712,46.37978006507588,82.537622685137,55.675689476569154,50.777993050960404,61.34305664725414,84.68931696342614,27,22
CLPD-118578-1st,118578,1st,1500,1min,13.321381538239146,4.3141576742315175,41.21616092718688,83.42149973567817,54.278319759584924,51.308098919670684,57.8202064853912,85.06284919485928,30,22
CLPD-118578-1st,118578,1st,3000,2min,17.277803449765845,6.471631066228846,46.15194097986898,88.50564485800918,57.36086973567161,57.10603002460506,57.868195922199085,86.88158242222164,40,22
CLPD-118578-1st,118578,1st,7500,5min,14.886193812661267,7.7131552481856005,28.75045941860583,85.95778278151003,36.426743746270375,51.432750436481555,25.983775254376408,85.22494694452375,59,22
CLPD-118578-1st,118578,1st,15000,10min,11.900963331299193,7.9006524504731415,17.946975655124998,85.13484764327642,27.26595561016334,51.51905366342449,14.533456820992994,84.48832032957398,78,22
CLPD-118578-1st,118578,1st,30000,20min,12.868451559536389,9.849853742598134,16.838408135126663,85.02679366933572,23.928306393906663,49.498946229760364,11.669902985755591,83.80952292413664,91,22
CLPD-118578-1st,118578,1st,70350,full,13.360120726803675,10.465766935658998,17.080847526769617,85.32756048072599,23.00464472924637,49.43404585970944,10.800169858447376,84.14817212674986,123,22
CLPD-118578-2nd,118578,2nd,750,30s,18.023937917043984,5.8779534872722214,55.28715824432617,85.81145401400846,53.1672814031792,50.45913292783894,56.44904806502918,84.6304186483103,44,22
CLPD-118578-2nd,118578,2nd,1500,1min,13.447985905876072,5.08320083765558,35.67465024618212,83.91368187187105,39.57252986236945,39.934942080714485,39.660151516217105,82.5982373282484,50,22
CLPD-118578-2nd,118578,2nd,3000,2min,14.27954535350217,5.92147157953105,34.48265376246705,83.63950081345631,38.285180241958386,43.296649700989306,34.20846278074884,81.75265132390346,68,22
CLPD-118578-2nd,118578,2nd,7500,5min,15.61820212514922,9.035357875763522,27.007168770703338,86.63363660280528,30.781102262228536,47.02363282556598,20.403085981789555,83.75126587454736,82,22
CLPD-118578-2nd,118578,2nd,15000,10min,13.21707137224174,9.013652030520591,19.387068960600065,84.72896107755923,24.25041133954592,45.874425415761586,12.964759373337245,82.50220590819633,95,22
CLPD-118578-2nd,118578,2nd,30000,20min,10.458512795186245,8.269320272179936,13.232559763662104,85.06379094772704,21.930696535596397,46.27123714055812,10.604613695208412,82.42199564313191,123,25
CLPD-118578-2nd,118578,2nd,70975,full,10.222632321928328,8.162654292685552,12.8042750133673,84.88029466630177,18.485129202967347,45.709588188360684,7.591985321813994,82.284651302875,195,30
CLPD-128057-1st,128057,1st,750,30s,36.91363897162261,17.127988367715098,79.70302884745637,88.99033017164983,75.80764493857215,73.54969153822259,78.3991759171255,89.58281510854806,32,22
CLPD-128057-1st,128057,1st,1500,1min,30.83702037143298,15.32598728668193,62.09921957791206,86.49586674844134,60.53278769875634,60.37918944940458,60.96871593927607,86.53220215725798,47,22
CLPD-128057-1st,128057,1st,3000,2min,30.07088031682536,15.949552060309276,56.70559344397334,86.77941206791952,54.80580480168305,62.757442251250254,48.071424817162196,86.26972796482093,55,22
CLPD-128057-1st,128057,1st,7500,5min,25.11349573276461,16.54402010423759,38.13426491388771,88.04759577562751,37.18364019749615,51.839274728043314,26.92992929326631,84.87820454079905,91,22
CLPD-128057-1st,128057,1st,15000,10min,20.18948049669782,15.092275547018422,27.026047173819066,87.68068499062439,30.862233396248072,51.62991176961017,18.606342322204032,85.26030717912671,119,22
CLPD-128057-1st,128057,1st,30000,20min,18.784801807196068,14.982069377775996,23.56297876860826,86.9669562813297,29.084544466029953,52.9827430040944,16.14559903855628,85.03749497527792,170,22
CLPD-128057-1st,128057,1st,67625,full,18.09373844223864,14.672497093965763,22.319122012520275,86.83648621206898,26.035793283041862,51.20869164657502,13.409170263794307,84.67703727681922,345,23
CLPD-128057-2nd,128057,2nd,750,30s,24.897896393095873,7.1786395561674325,86.72773450954455,87.79441218353546,65.51150042676191,59.457080054505454,72.64655683792179,87.7397443897538,29,22
CLPD-128057-2nd,128057,2nd,1500,1min,24.644380474980647,7.349442966109669,83.15327074714807,87.00579620132285,61.40724962173051,55.16662387733516,68.96829595415142,86.50590858877125,34,22
CLPD-128057-2nd,128057,2nd,3000,2min,21.872689763681503,6.771568239237478,71.3016065798015,85.99479273784199,47.02846879211949,44.74082554295083,50.28279331098333,83.75365919591596,58,22
CLPD-128057-2nd,128057,2nd,7500,5min,26.045751807377606,9.825193307616232,69.23080370429776,88.25571237904471,51.251869270130456,51.28974635328283,51.925773551358446,85.72072812123956,81,22
CLPD-128057-2nd,128057,2nd,15000,10min,20.1214246093109,8.457073865363233,47.99167219983177,87.09218448788182,38.777448384025064,49.60060198161336,30.818735446896078,84.70512102573001,123,22
CLPD-128057-2nd,128057,2nd,30000,20min,16.334689958055115,8.736915782297313,30.56991075765862,87.32113035386331,33.67088047628988,52.55741344139216,21.819416150117764,85.28285195246814,191,22
CLPD-128057-2nd,128057,2nd,70350,full,12.88988794603812,7.749762543454176,21.47646441196661,86.6688150475618,25.080208178887347,50.82051415145881,12.524342002793984,84.84049465250062,293,23
CLPD-128058-1st,128058,1st,750,30s,24.684283773537796,8.400965764689238,72.64052297979757,89.51942782313893,70.38339158262009,68.17172725824128,72.95159220556292,89.15118564984033,27,22
CLPD-128058-1st,128058,1st,1500,1min,19.20618252849487,6.851724376210331,53.924437585361,84.78916677696482,54.958044217904536,51.24239992994502,59.20422666850298,86.12250673815961,31,22
CLPD-128058-1st,128058,1st,3000,2min,16.223016419207013,6.438642477833369,40.929544062597,82.859422604763,44.8039603266207,43.829650241497845,46.23261655470087,83.90865944633931,46,22
CLPD-128058-1st,128058,1st,7500,5min,15.525227783995152,5.349460235984197,45.245398248024316,84.42114368383923,46.50574377620793,50.092459259119806,43.629584651528205,85.35162035462854,60,22
CLPD-128058-1st,128058,1st,15000,10min,11.83911475070845,5.709988019659827,24.693115793280697,83.1034390217428,33.56538982495139,43.80564279829367,26.135541513375486,83.22585939333428,78,22
CLPD-128058-1st,128058,1st,30000,20min,12.61095783981423,8.770491447164645,18.153761576553197,84.24747281826225,27.48420776575641,45.10524250347225,16.909814875719935,83.45868769910064,100,22
CLPD-128058-1st,128058,1st,68975,full,12.729886491303672,9.597281554202553,16.907864163178225,85.73673004585348,25.88681951600918,49.145936420892525,13.759041096250826,84.29687303807036,133,23
CLPD-128058-2nd,128058,2nd,750,30s,31.52383229661309,13.15823611523865,75.6565301526468,86.8705019437883,61.05617410968376,57.50044669523321,65.57605987022946,85.08734346925874,26,22
CLPD-128058-2nd,128058,2nd,1500,1min,29.380188773562733,12.425371131050692,69.51380381530231,86.24727287532154,55.19947118109697,54.41529302435594,56.55471544142369,84.88481664062014,34,22
CLPD-128058-2nd,128058,2nd,3000,2min,29.953253255264485,13.29887785188493,67.57106069417522,85.99846224590166,54.598877357164056,53.871341790933414,56.06315083458199,84.71091644886704,38,22
CLPD-128058-2nd,128058,2nd,7500,5min,24.670267084300498,12.11195435666837,50.548789806817396,86.1413752654908,42.94705470297388,51.56083667372011,36.50311859204552,84.10261137999822,62,22
CLPD-128058-2nd,128058,2nd,15000,10min,18.885847046160457,9.798309103966195,36.52442944983289,85.87656072468705,35.97703117650304,51.424418450866106,25.61973125530324,83.8794638146141,85,22
CLPD-128058-2nd,128058,2nd,30000,20min,18.38600680235907,9.589577591165975,35.33090391193242,84.50784054288191,31.457279467427956,51.34230596508795,19.653938684481496,83.3244313016702,97,26
CLPD-128058-2nd,128058,2nd,67750,full,12.259064873458625,7.795782267766134,19.339050832733392,83.16820031976226,21.648682645586874,46.16153621882471,10.360082138984303,82.35067160635772,151,32
CLPD-132831-1st,132831,1st,750,30s,15.260454133863433,5.434594784209451,43.944175572503205,76.36676059116198,29.539329793131042,26.238153298925827,33.896384549658634,77.79107836133208,46,22
CLPD-132831-1st,132831,1st,1500,1min,13.505799154118383,6.5944237903025895,27.94361353512695,75.11786921934727,23.245074836528033,23.283215044358048,23.516801765371817,76.60929473437615,53,22
CLPD-132831-1st,132831,1st,3000,2min,17.965562511892553,10.234288576690284,31.569218730307274,79.19851334605049,23.874315790688737,29.094970670241544,19.795404504020343,77.8886138962382,72,22
CLPD-132831-1st,132831,1st,7500,5min,18.136273728591696,12.173583068580268,27.061034607255625,78.79193842798632,24.51631275756285,33.92100044598869,17.745204689252937,77.96430066463732,90,22
CLPD-132831-1st,132831,1st,15000,10min,14.705433927986375,10.986148627196677,19.688182243639506,79.28419263992035,21.143346482295374,35.733272671151674,12.549576927571099,78.30547607229066,108,22
CLPD-132831-1st,132831,1st,30000,20min,11.7265625432282,9.878545425448438,13.924010410602527,79.41556242455707,18.128343975087972,37.44078386119796,8.814857324095057,78.2763398730156,145,22
CLPD-132831-1st,132831,1st,67775,full,9.920914377194359,9.693979630000676,10.15731296853482,79.03666549648229,16.151286269613465,37.53136189209442,6.9715212711575285,78.13946623918602,240,22
CLPD-132831-2nd,132831,2nd,750,30s,5.842032059870135,1.135187761070581,30.400144176734074,65.72094844661382,51.950104667424014,47.40637167679509,57.09639312141117,79.01563328800279,33,22
CLPD-132831-2nd,132831,2nd,1500,1min,6.601802207624212,1.1913652285866374,36.859463941271954,66.43691595050828,46.730469442436465,44.80490097134341,48.86397988449396,79.54258418181415,46,22
CLPD-132831-2nd,132831,2nd,3000,2min,6.340778828234586,1.1020952137706719,36.756941598805106,65.29147943247463,41.16492370188018,44.71880389463902,38.020577599339354,79.25978316667893,54,22
CLPD-132831-2nd,132831,2nd,7500,5min,4.814260448182322,1.1615431691569766,20.106774548050183,67.2457507412154,28.799692006002108,42.57936505029442,19.610048708758068,78.38594965822836,88,22
CLPD-132831-2nd,132831,2nd,15000,10min,3.7270861415528462,0.9778287896777645,14.447972818782537,67.81504581404943,24.219185680555828,41.82583228001017,14.055865102681922,78.45920169359277,114,22
CLPD-132831-2nd,132831,2nd,30000,20min,3.639690010496383,1.2256248017950977,11.008400970780967,69.12527064728489,23.069610877157228,42.34578022816836,12.583943102464282,78.20654504987495,165,23
CLPD-132831-2nd,132831,2nd,68375,full,2.9361189354218915,1.2307845506730606,7.096121296453144,70.18859342590125,17.9054625934503,41.41895758194268,7.765934428159942,77.61077940986678,273,28
CLPD-132877-1st,132877,1st,750,30s,27.90885950032139,9.795183582618773,79.72006698031582,85.23716735482625,60.82997130783144,53.382224815980486,69.72567058817843,83.75386629706058,32,22
CLPD-132877-1st,132877,1st,1500,1min,28.255819668288172,9.826616071134843,81.40159867574167,87.01103458277377,55.867543285817725,49.76260164898291,63.29121773738794,84.1006551178509,36,22
CLPD-132877-1st,132877,1st,3000,2min,27.513513292658125,9.591870977168073,79.08655784755194,86.66779243887453,51.0219815991065,48.28331434785416,54.546462454299295,83.79194224799143,46,22
CLPD-132877-1st,132877,1st,7500,5min,27.817401859512604,11.680154022835678,66.3483602992026,86.27493356402385,49.12761603958127,49.92250691184347,48.90798293744657,84.0469619330047,68,22
CLPD-132877-1st,132877,1st,15000,10min,27.36983801973494,12.781465539306314,58.721348080152325,85.64718293738231,46.00394199593364,49.00229982431822,43.74747862993078,83.82742572395985,99,22
CLPD-132877-1st,132877,1st,30000,20min,19.641554854274123,9.634940316268553,40.108859074347045,85.99525995202862,38.119146233597355,48.302156569405895,30.490578508326415,83.86620434883221,141,22
CLPD-132877-1st,132877,1st,67700,full,15.270366423522425,8.712025449377425,26.790063336206373,85.31844927241015,29.255063716947934,46.432747655486956,18.630134517264015,83.30319407128044,240,22
CLPD-132877-2nd,132877,2nd,750,30s,11.092071175439418,2.1726621344252885,56.857741764357804,78.34119870591931,43.8699179229548,33.62007331853553,58.0726851477283,81.17455835581396,38,22
CLPD-132877-2nd,132877,2nd,1500,1min,9.938609318034048,1.8136754429830844,54.60016001900071,76.08426408580667,49.14795542805304,40.67811203942905,60.135685462370034,83.43151355618002,44,22
CLPD-132877-2nd,132877,2nd,3000,2min,11.12540361127333,1.8962312642956831,65.44123164874944,80.09600758704511,51.530735588108975,48.78316086649794,54.886007844725235,85.47790820658622,51,22
CLPD-132877-2nd,132877,2nd,7500,5min,10.114121044761538,1.9445032890103953,52.66323279771331,80.50198628416581,43.046184507382826,52.76825083650568,35.3280122340945,85.41347909350556,66,22
CLPD-132877-2nd,132877,2nd,15000,10min,12.075844808963119,3.20795546293853,45.51652950886794,81.97047936145101,34.66549624192314,47.45508195162014,25.5538876680816,84.34918936612745,93,22
CLPD-132877-2nd,132877,2nd,30000,20min,12.559245307068757,5.954290385481361,26.49460843297365,84.56384454678329,28.878664562245554,47.09254146905163,17.87748846547046,84.11141647563338,131,32
CLPD-132877-2nd,132877,2nd,69350,full,13.640018064940582,8.067538494918477,23.06734577059882,86.18129253573179,25.399946630594954,45.55256850545118,14.309034296724722,84.1440059392491,201,35
